entity_id,business_name,business_address,country
S3-602346744,K 6 S Developments Group,"612 Potoamc Pl, Unit 101, Smyrna, Tennessee",US
S3-612067960,Back Alley  Auto Body LLC,"9010 Dorrance Dr, Louisville, Kentucky",US
S3-323817920,"Obrien, Childress and Blom Co","52354 Twp Rd 211, Switzerland Twp, Ohio",US
S2-665993949,Nis (India) Motors Holdings Private Ltd,"BLOCK E-905 F509, CASA CLARA, DOWNTOWN, PALAVA CITY, PHASE-II, KALYAN, Maharashtra",India
S2-147144654,Cardiology Group of LLC Center,"4633. WOOD FOREST DRIVE, ALEXANDER, AR",US
S2-859853487,Welfare Brothers Group,"DOOR NO ##956 UPPER GR 15004-A 117 WING, RADHA KRISHNA TEXTILE MKT, SURAT CITY, Gujarat",India
S3-947160727,Kaushalya Securities Holdings Limited Services,"H.no 74 Nobel Enclave Sector 22A Behind Rotary Public School, Gurgaon, HR",India
S3-238683981,Valdes and Shipley  Partners,"Washington, Kent, 23236-23240 108th Ave",US
S3-449560532,Holdings Reliable Construction Digital,"57C Goodall Rd, Derby, Vermont",US
S3-884884620,Grid (india) Private Limited,"608, Solitaire Apartment, Dixit Cross Road 2 Near Ashish Nursing Home, Vile Parle Eas, T, Mumbai City, महाराष्ट्र",India
S3-120953000,Shree Health  Infratech Private,"Industrial Plot No. 1268, Sector 82, Jlpl Mohali, S.a.s.nagar (Mohali), Rupnagar, ਪੰਜਾਬ",India
S3-277429777,Smt Maa Producer Agencies Pvt Limited,"Speed Bird House D/41/5 M Block, Connaught Circus, दिल्ली, New Delhi",India
S3-18947138,Ganesh Services (India) Industries Pvt. [Ltd.],"A-8/105 Kalkaji Extension, South East Delh, N/A, DL",India
S3-832628754,BP Hegitage Highland Inc,"421 8th Street, Barling, Arkansas",US
S2-774999531,Private Des Management Industries Limited,"A-122, MUMBAI, Maharashtra",India
S3-67848976,Srinivasa Institute Holdings,"##231/B, Sector-28, Gandhinagar, Gandhi Nagar, GJ",India
S3-954348444,इनोवेटिव गैलेक्सी प्रोडक्ट्स ज्वेलर्स प्राइवेट लिमिटेड,"No 53 C/o Ashok Kumar Ray Lalapur, Kudra, Kaimur, BR",India
S2-468313143,VIS (INDIA) IT PRÍVATE LIMITED,"#0226/19 ERAMAM SOUTH, ERAMAM DESOM POST, PAYYANUR, Kerala",India
S2-778767878,Vishwa Millsprivate,"B3/2/539AX, DIAMOND COLONY, THOOTHUKKUDI, NULL, Tamil Nadu",India
S2-420794456,@quify,"##25264 GLEN OAKS LANE, N/A, INCORPORATED, IL",US
S3-112501878,Prakruti  Appliances Infratech Private Limited,"TN, Door No A-22a Hospital Roadcuddalore Tamli Nadu, Vellore, Tamil Nadu",India
S3-653603624,KWP Private Finance Limited,"Door No 865 D-443, 441 Swaminarayn Bus, Opp. Gokulesh Petrol Pump, Daskroi, Ahmedabad, ગુજરાત",India
S3-686378004,Raj Constructions General [Private],"V 11/235, Sreenikethan, Marakkadamukku Cherunniyoor, Palachira P O, Varkala, Trivandrum, KL",India
S3-982805763,Youth Services Inc,"10541 Chickadee Dr, PMB 1866, Peosta, Iowa",US
S3-562998586,IA Business Corporation,"4, Naushera, Amritsar, PB",India
S2-870035718,"Holdings Charles, Angy H., DDS","13 TWENTIETH STREET, NEWTON, NC",US
S3-148183126,Tls Farmers Infratech Pvt Limited,"H.no 827 Flt No. 606, Mumbai, Mumbai City, MH",India
S2-124175725,Y+ Cannabis Riverside,"2132 SYLVANIA AVE, TOLEDO, OH",US
S2-550449166,Diamond Strategic Prócessing Holdings,"23588C 598TH STREET, KELOGG, MN",US
S3-726754827,BT Mumbai Pvt (Ltd),"G-3/20 Sunder Nagari, North East, Delhi, DL",India
S2-42058284,গুরু ইনভেস্টমেন্টস প্রাইভেট লিমিটেড,"21 C/O GOPAL CHANDRA MONDAL, VILL- BAGARIA, PO-BAGARI, KULPI, SOUTH 24 PARGANAS, West Bengal",India
S3-314783033,Marek Federal Institutions Llc,"9266 Lawn Park Dr, Brecksville CITY, Ohio",US
S2-498833713,"Carrillo, Garrett and Montgomery Group","3949 DEER RIVER RD, DENMARK, NY",US
S2-609034065,Creative Builders Limited,"#711. UNI-TB PLOT NO 68AMCHI COLONY NOA ROAD BAWDHAN, PUNE, Maharashtra",India
S2-645857151,A Cure 2 All Coastal,"SEQUIM, 272 CHOICE LOOP, WA",US
S3-478198896,"Mariejeanne Rutledge, LCSW Ltd","145 Ogston Terrace, Malverne, New York",US
S3-242805211,"Tamiko D.-Chárles, L.C.S.W. Lakeside","129 Mill Street, Thorntown, Indiana",US
S2-986228314,Gonzales United Homes Greater,"14421  1400 ROAD NORTH, PONTIAC, IL",US
S3-470531819,Empire Chiron Co,"29 Hollowbrook Court, Cortlandt, New York",US
S2-341241721,snyder grace cornerstone petroleum holdings,"6729 MOUNT HAWLEY RD, PMB 6507, PEORAI, IL",US
