s1_name,s1_addr,m_name,m_addr,name_core_tsr,addr_norm_tsr
CI Malt,"1520 850, Commiskey, IN",CI  Services,,44.44444444444444,0.0
Meridian Corporation,"3200 Freeport Street, Broken Arrow, OK",meridian.com Enterprises,,31.578947368421055,0.0
IC Collections Private Limited,"Room No.17/1016/I, J, K, L, Kalyani Plaza, Tirur Road, Kuttippuram, Tirur, Malappuram, Malapuram, Kerala",IC PRIVATE LIMITED (PARTNERS),,48.0,0.0
Great Constructions Private Limited,"Apt No-14A, Flr-14, Tower-Iv Rose Dale Garden Complex Action Area-Iii Plot No-3, Kolkata, Kolkata, Howrah, West Bengal",CGPRIVATE.COM,"APT NO-14A, NORTH TWENTY FOUR PARGANAS, HOWRAH, পশ্চিমবঙ্গ",35.71428571428571,47.27272727272727
Kfc Consulting Private Limited,"7 Satguru House Chs Ltd, C/1047, Shirley Rajan Road Near Bandra Petrol Pump, Bandra West, Mumbai, Mumbai City, Maharashtra",Kfc Private Limited Service,,48.0,0.0
TD India Company,"1A, Manglam Appartment 35, Ahiripukur Road, Kolkata, Howrah, West Bengal",TD Company Services,,42.10526315789474,0.0
Lower Disciplined,"120 Southside Drive, Owego, NY",Lower Services Enterprises,,46.51162790697674,0.0
Siri Hospital,"216/9 Triveni Jawahar Nagar Goregaun West, Mumbai, Maharashtra",Dr Siri Center,,47.05882352941177,0.0
WN Roof Pvt Ltd,"C-5-A-162, Janakpuri, New Delhi, South West Delhi, Delhi",WN Pvt Ltd Services,,44.44444444444444,0.0
Good Solutions Private Limited,"E-34, Ground Floor, Greater Kailash- Ii, Near Arya Smaj Mandir, New Delhi, South Delhi, Delhi",Good Private Limited Center Ventures,,47.05882352941177,0.0
Blue Endocrinology LLC,"15448 Highland Circle, Foley, AL",Blue LLC Services Enterprises,,41.86046511627907,0.0
TG Huntington Inc,"Washington, 325 Mountain Road, ME",TG INC SERVICES,,33.33333333333333,0.0
Hari Traders Limited,"Sirohi, Vrandavan Hotel Ke Pass Kesharpura, Sheoganj, Sirohi, Sirohi Road, Rajasthan",Onyxcalo,"NO. 302 SIROHI ROAD, JODHPUR REGION, SIROHI, राजस्थान",10.0,48.648648648648646
Roberts Law Group P.C.,"7644 Cr 29, Bellevue, OH",Brixevo,"Thompson Twp, 7333. Cr 29, Ohio",14.285714285714292,41.666666666666664
"Linzy Melzer Advanced Oceanhawk, LLC","2434 310th Street, College Springs, IA",1inzymelzeradvanced.com,"434 310RD ST, AMITY, IA",48.0,38.297872340425535
Jain Projects Private Limited,"10 Shivner Socpareira Wadi Saki-Naka, Mumbai, Maharashtra",JAIN PRIVATE LIMITED CENTER Trading,,47.05882352941177,0.0
Keystone LLC,"21050 Horseshoe Trail, Corcoran, MN",keystone.com Trading,,26.66666666666667,0.0
Apex Pharmaceuticals,"Gyanendra Bihar 545/Kha R, R 162 Ring Road Buddheswr, Lucknow, Uttar Pradesh",Apex Services Enterprises,,48.888888888888886,0.0
Ssr Technology Limited,"118 Janta Nagar 1St Floor, M P Mills Compond, Behind A C Market, Tardeo, Mumbai, Mumbai City, Maharashtra",Ssr Limited Services,,46.15384615384615,0.0
Raj Solutions Pvt Ltd,"G 1249 Laxmi Textile Park Gidc Sachin Village Sachin Ina, Surat, Gujarat",Smt Raj Pvt Ltd Partners,,48.275862068965516,0.0
Star Infrastructure Private Limited,"Sona Residency, 18/4, M.D. Road, Milanpally, Siliguri, Siliguri, Darjiling, Darjeeling, West Bengal",Mr Star Private Limited Center Enterprises,,48.888888888888886,0.0
Ils Traders Corp,"41/1, Malljja Gowdar Lane Karamadai, Coimbatore, Tamil Nadu",Rizanylaorbi,"41/1, COIMBOTORE, Tamil Nadu",34.78260869565217,48.275862068965516
UB Central Inc,"27523 Morton Road, Katy, TX",UB Inc Services,,47.61904761904762,0.0
Om Management Private Limited,"171/3801, Kesinga, Kalahandi, Orissa",Om Private Limited Services Trading,,37.5,0.0
Teo Management,"175 Horse Landing Lane, King William County, VA",Teo Services,,46.15384615384615,0.0
Cas Nursing Home,"348, Phootatal Sathiya Kuwa, Jabalpur, Madhya Pradesh",Fluxzeta (ID: 9712),"348, Ranchi, MP",25.0,46.15384615384615
Decarlo Heritage Electric LLC,"8418 Ii, WI, Town Of Wolf River",Fayeyuma,"8400 1/2 Ii, Fremont, Wisconsin",18.181818181818187,48.888888888888886
Smart Energy Corporation,"N1923 E, Town Of Lind, WI",Onyxzeta,"E, Waupaca CITY, Wisconsin",30.0,29.411764705882348
New Products Private Limited,"Sbc 15, Level C, -2 Floor, Thejaswini Building Technopark Phase I, Kazhakuttom, Thiruvananthapuram, Trivandrum, Kerala",New Private Limited Services Trading,,43.75,0.0
Baba Global Private Limited,"Flat No.604, B. No. A, Survey No. 2027 Mayur Vatika, Dapodi, Pune, Maharashtra",Veonex,"No 04, New Bombay, Pune, MH",11.764705882352942,39.34426229508197
Ps Consultants,"Coimbatore, Vijayashree Garden, Sivananthapuram Saravanampatti Post, Coimbatore, Tamil Nadu, 5A/15",Ps Service,,33.33333333333333,0.0
Gold Business Private Limited,"Sno-1 Sai Prithvi Galaxy, Nr.Bhaji Mandai Flat No-2, Pune City, Pune, Maharashtra",Gold Private Limited Center Trading,,47.05882352941177,0.0
LM Gold LLC,"679 Sadler Family Road, Carthage, NC",LM LLC 5ervices,,44.44444444444444,0.0
FSH Johnson LLC,"818 M Paseo Del Pueblo Norte, Taos, NM",FSH LLC Services,,43.47826086956522,0.0
Prr Consultants Private Limited,"House No.6C Old-1 Bela, Road Ladakh Budh Vihar, Delhi, North Delhi, Delhi",Prr Private Limited Services,,44.44444444444444,0.0
RJ Buildcreation Pvt Ltd,"N-34/S-1/16/2/1, Swami Vivekananda Nagar, Mumbai Agra Road, Cidco, New Nashik, Nashik, Maharashtra",RJ Pvt Ltd Services,,44.44444444444444,0.0
XR Foundation Private Limited,"Plot No. 1 A, Road No 2B, 3-8-273, Chandrapuri Colony, L.B. Nagar, Hyderabad, Telangana",Dovaflux,"Ranga Reddy District, A, Andhra Pradesh",28.57142857142857,38.35616438356164
Busby Preferred Series,"37 1st Street, Brookhaven, NY",BUSBYPREFERREDSERIES.COM (ID: 15845),"37D FIRST STREET, PMB 675, RONKOKNOMA, NY",13.333333333333329,47.05882352941177
Webel Engineering Limited,"B. No 10/330-A, Karikkode, Okkal P.O Perumbavoor, Ernakulam, Kerala",Tavoavi,"Block E-739 B. No 10/330-A, KL, Thiruvananthapuram",8.333333333333329,43.01075268817204
"ZY Commodity, Inc","Fl 1, 3841 Elgin Street, Chandler, AZ",ZY Inc Center,,47.61904761904762,0.0
